{"contracts/BankRegistry.sol":{"jobHash":"solc-0_8_28-fa7cf0d8250250c2ea991f1a6bedbd45d0a0a44b","isolated":true,"artifactPaths":["/Users/hitengarg/Documents/Dapp/BlockChain_Dapp/my-blockchain-project-2/artifacts/contracts/BankRegistry.sol/BankRegistry.json"],"buildInfoPath":"/Users/hitengarg/Documents/Dapp/BlockChain_Dapp/my-blockchain-project-2/artifacts/build-info/solc-0_8_28-fa7cf0d8250250c2ea991f1a6bedbd45d0a0a44b.json","buildInfoOutputPath":"/Users/hitengarg/Documents/Dapp/BlockChain_Dapp/my-blockchain-project-2/artifacts/build-info/solc-0_8_28-fa7cf0d8250250c2ea991f1a6bedbd45d0a0a44b.output.json","typeFilePath":"/Users/hitengarg/Documents/Dapp/BlockChain_Dapp/my-blockchain-project-2/artifacts/contracts/BankRegistry.sol/artifacts.d.ts","wasm":false},"contracts/CreditDataLedger.sol":{"jobHash":"solc-0_8_28-faf90d911868d2a72e2785cbdd83c398c02e95c5","isolated":true,"artifactPaths":["/Users/hitengarg/Documents/Dapp/BlockChain_Dapp/my-blockchain-project-2/artifacts/contracts/CreditDataLedger.sol/CreditDataLedger.json","/Users/hitengarg/Documents/Dapp/BlockChain_Dapp/my-blockchain-project-2/artifacts/contracts/CreditDataLedger.sol/IBankRegistry.json"],"buildInfoPath":"/Users/hitengarg/Documents/Dapp/BlockChain_Dapp/my-blockchain-project-2/artifacts/build-info/solc-0_8_28-faf90d911868d2a72e2785cbdd83c398c02e95c5.json","buildInfoOutputPath":"/Users/hitengarg/Documents/Dapp/BlockChain_Dapp/my-blockchain-project-2/artifacts/build-info/solc-0_8_28-faf90d911868d2a72e2785cbdd83c398c02e95c5.output.json","typeFilePath":"/Users/hitengarg/Documents/Dapp/BlockChain_Dapp/my-blockchain-project-2/artifacts/contracts/CreditDataLedger.sol/artifacts.d.ts","wasm":false},"contracts/FraudReportLedger.sol":{"jobHash":"solc-0_8_28-73b8bff9429604862a80972d350ea62306921908","isolated":true,"artifactPaths":["/Users/hitengarg/Documents/Dapp/BlockChain_Dapp/my-blockchain-project-2/artifacts/contracts/FraudReportLedger.sol/FraudReportLedger.json","/Users/hitengarg/Documents/Dapp/BlockChain_Dapp/my-blockchain-project-2/artifacts/contracts/FraudReportLedger.sol/IBankRegistry.json"],"buildInfoPath":"/Users/hitengarg/Documents/Dapp/BlockChain_Dapp/my-blockchain-project-2/artifacts/build-info/solc-0_8_28-73b8bff9429604862a80972d350ea62306921908.json","buildInfoOutputPath":"/Users/hitengarg/Documents/Dapp/BlockChain_Dapp/my-blockchain-project-2/artifacts/build-info/solc-0_8_28-73b8bff9429604862a80972d350ea62306921908.output.json","typeFilePath":"/Users/hitengarg/Documents/Dapp/BlockChain_Dapp/my-blockchain-project-2/artifacts/contracts/FraudReportLedger.sol/artifacts.d.ts","wasm":false}}